<application>
  <component name="libraryTable">
    <library name="@types/bootstrap" type="javaScript">
      <CLASSES />
      <SOURCES />
    </library>
    <library name="@types/bootstrap-datepicker" type="javaScript">
      <CLASSES />
      <SOURCES />
    </library>
    <library name="@types/bootstrap-fileinput" type="javaScript">
      <CLASSES />
      <SOURCES />
    </library>
    <library name="@types/jquery" type="javaScript">
      <CLASSES />
      <SOURCES />
    </library>
    <library name="Bundled Protobuf Distribution">
      <CLASSES />
      <SOURCES>
        <root url="jar://$APPLICATION_PLUGINS_DIR$/protobuf-jetbrains-plugin/lib/protobuf-java-3.6.1-sources.jar!/" />
      </SOURCES>
    </library>
  </component>
</application>