<application>
  <component name="com.intellij.ide.ui.customization.CustomActionsSchema">
    <group seperator="true" action_type="-1" position="5">
      <path value="root" />
      <path value="Navigation Bar Toolbar" />
      <option name="myInitialPosition" value="-1" />
    </group>
    <group value="NavBarToolBarOthers" is_group="true" action_type="-1" position="4">
      <path value="root" />
      <path value="Navigation Bar Toolbar" />
      <option name="myInitialPosition" value="-1" />
    </group>
    <group seperator="true" action_type="-1" position="3">
      <path value="root" />
      <path value="Navigation Bar Toolbar" />
      <option name="myInitialPosition" value="-1" />
    </group>
    <group value="ToolbarRunGroup" is_group="true" action_type="-1" position="0">
      <path value="root" />
      <path value="Navigation Bar Toolbar" />
      <option name="myInitialPosition" value="-1" />
    </group>
    <group value="VcsToolbarLabelAction" is_action="true" action_type="-1" position="0">
      <path value="root" />
      <path value="Navigation Bar Toolbar" />
      <path value="NavBarVcsGroup" />
      <path value="VcsNavBarToobarActions" />
      <option name="myInitialPosition" value="-1" />
    </group>
    <group seperator="true" action_type="1" position="2">
      <path value="root" />
      <path value="Navigation Bar Toolbar" />
      <path value="NavBarVcsGroup" />
      <path value="VcsNavBarToobarActions" />
      <option name="myInitialPosition" value="-1" />
    </group>
    <group seperator="true" action_type="1" position="5">
      <path value="root" />
      <path value="Navigation Bar Toolbar" />
      <path value="NavBarVcsGroup" />
      <path value="VcsNavBarToobarActions" />
      <option name="myInitialPosition" value="-1" />
    </group>
    <group seperator="true" action_type="1" position="8">
      <path value="root" />
      <path value="Navigation Bar Toolbar" />
      <path value="NavBarVcsGroup" />
      <path value="VcsNavBarToobarActions" />
      <option name="myInitialPosition" value="-1" />
    </group>
    <group value="Annotate" is_action="true" action_type="1" position="9">
      <path value="root" />
      <path value="Navigation Bar Toolbar" />
      <path value="NavBarVcsGroup" />
      <path value="VcsNavBarToobarActions" />
      <option name="myInitialPosition" value="-1" />
    </group>
    <group value="Git.Unstash" is_action="true" action_type="1" position="10">
      <path value="root" />
      <path value="Navigation Bar Toolbar" />
      <path value="NavBarVcsGroup" />
      <path value="VcsNavBarToobarActions" />
      <option name="myInitialPosition" value="-1" />
    </group>
    <group value="Git.Stash" is_action="true" action_type="1" position="11">
      <path value="root" />
      <path value="Navigation Bar Toolbar" />
      <path value="NavBarVcsGroup" />
      <path value="VcsNavBarToobarActions" />
      <option name="myInitialPosition" value="-1" />
    </group>
    <action id="Git.Stash" icon="$USER_HOME$/Pictures/safebox.png" />
    <action id="Git.Unstash" icon="$USER_HOME$/Pictures/icons8-low-importance-40.png" />
    <action id="Annotate" icon="$USER_HOME$/Pictures/chat.png" />
  </component>
</application>