<application>
  <component name="ProjectManager">
    <defaultProject>
      <component name="GOROOT" path="D:\Go" />
      <component name="InspectionProjectProfileManager">
        <option name="PROJECT_PROFILE" />
        <version value="1.0" />
      </component>
      <component name="PhpWorkspaceProjectConfiguration" backward_compatibility_performed="true" />
      <component name="ProjectViewState">
        <option name="hideEmptyMiddlePackages" value="true" />
        <option name="showLibraryContents" value="true" />
        <option name="showMembers" value="true" />
      </component>
      <component name="PropertiesComponent">
        <property name="configurable.Global.GOPATH.is.expanded" value="true" />
        <property name="configurable.Project.GOPATH.is.expanded" value="true" />
        <property name="go.import.settings.migrated" value="true" />
        <property name="last_opened_file_path" value="D:/code/beego" />
        <property name="nodejs_interpreter_path.stuck_in_default_project" value="undefined stuck path" />
        <property name="settings.editor.selected.configurable" value="http.proxy" />
      </component>
    </defaultProject>
  </component>
</application>