<application>
  <component name="GitRememberedInputs">
    <option name="visitedUrls">
      <list>
        <UrlAndUserName>
          <option name="url" value="http://192.168.10.234/import/ibms-v2.git" />
          <option name="userName" value="" />
        </UrlAndUserName>
        <UrlAndUserName>
          <option name="url" value="http://192.168.10.234" />
          <option name="userName" value="jasonl" />
        </UrlAndUserName>
        <UrlAndUserName>
          <option name="url" value="https://github.com/liaojiansong/IOTmanage.git" />
          <option name="userName" value="" />
        </UrlAndUserName>
        <UrlAndUserName>
          <option name="url" value="https://github.com/liaojiansong/JasonNet.git" />
          <option name="userName" value="" />
        </UrlAndUserName>
        <UrlAndUserName>
          <option name="url" value="https://github.com/liaojiansong/daily.git" />
          <option name="userName" value="" />
        </UrlAndUserName>
        <UrlAndUserName>
          <option name="url" value="https://github.com/liaojiansong/net.git" />
          <option name="userName" value="" />
        </UrlAndUserName>
        <UrlAndUserName>
          <option name="url" value="https://git.3ekeji.cn/sanyi/pay.3-e.cn.git" />
          <option name="userName" value="" />
        </UrlAndUserName>
        <UrlAndUserName>
          <option name="url" value="http://git.3ekeji.cn" />
          <option name="userName" value="liaojiansong" />
        </UrlAndUserName>
        <UrlAndUserName>
          <option name="url" value="git@git.3ekeji.cn:sanyi/castle.api.3-e.cn.git" />
          <option name="userName" value="" />
        </UrlAndUserName>
        <UrlAndUserName>
          <option name="url" value="git@git.3ekeji.cn:sanyi/fms.git" />
          <option name="userName" value="" />
        </UrlAndUserName>
        <UrlAndUserName>
          <option name="url" value="git@git.3ekeji.cn:sanyi/isle-admin.git" />
          <option name="userName" value="" />
        </UrlAndUserName>
        <UrlAndUserName>
          <option name="url" value="git@git.3ekeji.cn:sanyi/ieas-api.git" />
          <option name="userName" value="" />
        </UrlAndUserName>
        <UrlAndUserName>
          <option name="url" value="git@git.3ekeji.cn:sanyi/brm-api.git" />
          <option name="userName" value="" />
        </UrlAndUserName>
        <UrlAndUserName>
          <option name="url" value="http://gitlab.jason.com/root/aliyun.git" />
          <option name="userName" value="" />
        </UrlAndUserName>
        <UrlAndUserName>
          <option name="url" value="http://gitlab.jason.com" />
          <option name="userName" value="jason-dev-1" />
        </UrlAndUserName>
        <UrlAndUserName>
          <option name="url" value="https://github.com/gogf/gf-demos.git" />
          <option name="userName" value="" />
        </UrlAndUserName>
        <UrlAndUserName>
          <option name="url" value="https://github.com/zqjzqj/mtSecKill.git" />
          <option name="userName" value="" />
        </UrlAndUserName>
        <UrlAndUserName>
          <option name="url" value="https://github.com/abbot/go-http-auth.git" />
          <option name="userName" value="" />
        </UrlAndUserName>
        <UrlAndUserName>
          <option name="url" value="https://github.com/jimstudt/http-authentication.git" />
          <option name="userName" value="" />
        </UrlAndUserName>
      </list>
    </option>
    <option name="cloneParentDir" value="D:\code" />
  </component>
  <component name="Vcs.Log.App.Settings">
    <option name="SHOW_TAG_NAMES" value="true" />
    <option name="COLUMN_ORDER">
      <list>
        <option value="0" />
        <option value="1" />
        <option value="2" />
        <option value="3" />
        <option value="4" />
      </list>
    </option>
  </component>
  <component name="VcsApplicationSettings">
    <option name="SHOW_LST_WORD_DIFFERENCES" value="false" />
    <option name="COMMIT_FROM_LOCAL_CHANGES" value="true" />
  </component>
</application>