<application>
  <component name="AppStorage">
    <histories>
      <item value="// storeLocked unconditionally stores a value to the entry. // // The entry must be known not to be expunged." />
      <item value="// The entry was previously expunged, which implies that there is a // non-nil dirty map and this entry is not in it." />
      <item value="expunged" />
      <item value="// Regardless of whether the entry was present, record a miss: this key // will take the slow path until the dirty map is promoted to the read // map." />
      <item value="// Avoid reporting a spurious miss if m.dirty got promoted while we were // blocked on m.mu. (If further loads of the same key will not miss, it's // not worth copying the dirty map for this key.)" />
      <item value="Expunged" />
      <item value="promoted" />
      <item value="// read contains the portion of the map's contents that are safe for // concurrent access (with or without mu held)." />
      <item value="to make it // easier to maintain other invariants along with the map content." />
      <item value="invariants" />
      <item value="maintain" />
      <item value="with separate locking or coordination" />
      <item value="plain" />
      <item value="amortized" />
      <item value="held" />
      <item value="位数" />
      <item value="进制" />
      <item value="resume" />
      <item value="// Used in NewTicker, dropping sends on the floor is // the desired behavior when the reader gets behind, // because the sends are periodic." />
      <item value="floor" />
      <item value="另一半" />
      <item value="括号" />
      <item value="The last reader unblocks the writer." />
      <item value="acquire" />
      <item value="Semacquire" />
      <item value="number of pending readers" />
      <item value="number of departing readers" />
      <item value="// The provided key must be comparable and should not be of type // string or any other built-in type to avoid collisions(冲突) between // packages using context. Users of WithValue should define their own // types for keys. To avoid allocating when assigning to an // interface{}, context keys often have concrete type // struct{}. Alternatively, exported context key variables' static // type should be a pointer or interface." />
      <item value="Alternatively, exported context key variables' static // type should be a pointer or interface." />
      <item value="Alternatively" />
      <item value="冲突" />
      <item value="collisions" />
      <item value="stringify tries a bit to stringify v, without using fmt" />
      <item value="since" />
      <item value="since we don't // want context depending on the unicode tables. This is only used by // *valueCtx.String()." />
      <item value="stringify" />
      <item value="// A valueCtx carries a key-value pair. It implements Value for that key and // delegates all other calls to the embedded Context." />
      <item value="delegates" />
      <item value="NOTE: acquiring the child's lock while holding parent's lock." />
      <item value="propagate" />
      <item value="The current deadline is already sooner than the new one." />
      <item value="so code should // call cancel as soon as the operations running in this Context complete." />
      <item value="Canceling this context releases resources associated with it" />
      <item value="semantically equivalent to parent" />
      <item value="delegating to" />
      <item value="It implements cancel by stopping its timer then // delegating to cancelCtx.cancel." />
      <item value="embeds" />
      <item value="// propagateCancel arranges for child to be canceled when parent is." />
      <item value="重入" />
      <item value="outlined so that the fast path can be inlined" />
    </histories>
    <option name="languageScores">
      <map>
        <entry key="CHINESE" value="120" />
        <entry key="ENGLISH" value="121" />
        <entry key="BENGALI" value="1" />
      </map>
    </option>
  </component>
</application>