<application>
  <component name="libraryTable">
    <library name="@types/bootstrap" type="javaScript">
      <CLASSES />
      <SOURCES />
    </library>
    <library name="@types/bootstrap-datepicker" type="javaScript">
      <CLASSES />
      <SOURCES />
    </library>
    <library name="@types/bootstrap-fileinput" type="javaScript">
      <CLASSES />
      <SOURCES />
    </library>
    <library name="@types/jquery" type="javaScript">
      <CLASSES />
      <SOURCES />
    </library>
  </component>
</application>