<application>
  <component name="ProjectManager">
    <defaultProject>
      <component name="GOROOT" path="D:\Go" />
      <component name="InspectionProjectProfileManager">
        <option name="PROJECT_PROFILE" />
        <version value="1.0" />
      </component>
      <component name="PhpWorkspaceProjectConfiguration" backward_compatibility_performed="true" />
      <component name="PropertiesComponent">
        <property name="configurable.Global.GOPATH.is.expanded" value="true" />
        <property name="configurable.Project.GOPATH.is.expanded" value="true" />
        <property name="go.import.settings.migrated" value="true" />
        <property name="last_opened_file_path" value="D:/workplace/laragon/bin/php/php-7.1.12-Win32-VC14-x64/php.exe" />
        <property name="nodejs_interpreter_path.stuck_in_default_project" value="undefined stuck path" />
        <property name="settings.editor.selected.configurable" value="preferences.customizations" />
      </component>
    </defaultProject>
  </component>
</application>