<application>
  <component name="UISettings">
    <option name="ACTIVATE_MRU_EDITOR_ON_CLOSE" value="true" />
    <option name="CLOSE_NON_MODIFIED_FILES_FIRST" value="true" />
    <option name="EDITOR_TAB_LIMIT" value="30" />
    <option name="EDITOR_TAB_PLACEMENT" value="4" />
    <option name="MARK_MODIFIED_TABS_WITH_ASTERISK" value="true" />
    <option name="MAX_LOOKUP_LIST_HEIGHT" value="13" />
    <option name="OPEN_TABS_AT_THE_END" value="true" />
    <option name="OVERRIDE_NONIDEA_LAF_FONTS" value="true" />
    <option name="PRESENTATION_MODE_FONT_SIZE" value="22" />
    <option name="RECENT_FILES_LIMIT" value="100" />
    <option name="SHOW_INPLACE_COMMENTS" value="true" />
    <option name="SHOW_TOOL_WINDOW_NUMBERS" value="false" />
    <option name="showTreeIndentGuides" value="true" />
    <option name="SORT_TABS_ALPHABETICALLY" value="true" />
    <option name="USE_SMALL_LABELS_ON_TABS" value="true" />
    <option name="WIDESCREEN_SUPPORT" value="true" />
  </component>
</application>