<keymap version="1" name="Default copy" parent="$default">
  <action id="Back">
    <keyboard-shortcut first-keystroke="shift ctrl alt left" />
  </action>
  <action id="Forward">
    <keyboard-shortcut first-keystroke="shift ctrl alt right" />
  </action>
  <action id="MoveElementLeft" />
  <action id="MoveElementRight" />
  <action id="SurroundWith">
    <keyboard-shortcut first-keystroke="shift alt back_quote" />
  </action>
  <action id="Terminal.MoveToolWindowTabLeft" />
  <action id="Terminal.MoveToolWindowTabRight" />
</keymap>