<application>
  <component name="com.intellij.ide.ui.customization.CustomActionsSchema">
    <group value="AddSourcesContentToSourceMap" is_action="true" action_type="-1" position="32">
      <path value="root" />
      <path value="Editor Tab Popup Menu" />
      <option name="myInitialPosition" value="-1" />
    </group>
    <group value="VisualizeSourceMap" is_action="true" action_type="-1" position="31">
      <path value="root" />
      <path value="Editor Tab Popup Menu" />
      <option name="myInitialPosition" value="-1" />
    </group>
    <group value="InstallNodeLocalDependencies" is_action="true" action_type="-1" position="30">
      <path value="root" />
      <path value="Editor Tab Popup Menu" />
      <option name="myInitialPosition" value="-1" />
    </group>
    <group value="&lt;anonymous-group-16&gt;" is_group="true" action_type="-1" position="29">
      <path value="root" />
      <path value="Editor Tab Popup Menu" />
      <option name="myInitialPosition" value="-1" />
    </group>
    <group value="Github.Create.Gist" is_action="true" action_type="-1" position="28">
      <path value="root" />
      <path value="Editor Tab Popup Menu" />
      <option name="myInitialPosition" value="-1" />
    </group>
    <group value="com.jetbrains.php.drupal.DrupalSearchDocsAction" is_action="true" action_type="-1" position="21">
      <path value="root" />
      <path value="Editor Popup Menu" />
      <option name="myInitialPosition" value="-1" />
    </group>
    <group value="UnsplitAll" is_action="true" action_type="-1" position="21">
      <path value="root" />
      <path value="Editor Tab Popup Menu" />
      <option name="myInitialPosition" value="-1" />
    </group>
    <group value="com.jetbrains.php.wordpress.WPSearchDocsAction" is_action="true" action_type="-1" position="20">
      <path value="root" />
      <path value="Editor Popup Menu" />
      <option name="myInitialPosition" value="-1" />
    </group>
    <group value="Unsplit" is_action="true" action_type="-1" position="20">
      <path value="root" />
      <path value="Editor Tab Popup Menu" />
      <option name="myInitialPosition" value="-1" />
    </group>
    <group seperator="true" action_type="-1" position="19">
      <path value="root" />
      <path value="Editor Tab Popup Menu" />
      <option name="myInitialPosition" value="-1" />
    </group>
    <group seperator="true" action_type="-1" position="18">
      <path value="root" />
      <path value="Editor Popup Menu" />
      <option name="myInitialPosition" value="-1" />
    </group>
    <group value="EditorPopupMenu3" is_group="true" action_type="-1" position="17">
      <path value="root" />
      <path value="Editor Popup Menu" />
      <option name="myInitialPosition" value="-1" />
    </group>
    <group value="PreviousTab" is_action="true" action_type="-1" position="17">
      <path value="root" />
      <path value="Editor Tab Popup Menu" />
      <option name="myInitialPosition" value="-1" />
    </group>
    <group value="NextTab" is_action="true" action_type="-1" position="16">
      <path value="root" />
      <path value="Editor Tab Popup Menu" />
      <option name="myInitialPosition" value="-1" />
    </group>
    <group seperator="true" action_type="-1" position="15">
      <path value="root" />
      <path value="Editor Tab Popup Menu" />
      <option name="myInitialPosition" value="-1" />
    </group>
    <group value="ValidateXml" is_action="true" action_type="-1" position="11">
      <path value="root" />
      <path value="Editor Tab Popup Menu" />
      <path value="Editor Tab Popup Menu Actions (1)" />
      <option name="myInitialPosition" value="-1" />
    </group>
    <group value="ExternalToolsGroup" is_group="true" action_type="-1" position="10">
      <path value="root" />
      <path value="Editor Tab Popup Menu" />
      <path value="Editor Tab Popup Menu Actions (1)" />
      <option name="myInitialPosition" value="-1" />
    </group>
    <group value="$Paste" is_action="true" action_type="-1" position="8">
      <path value="root" />
      <path value="Editor Popup Menu" />
      <option name="myInitialPosition" value="-1" />
    </group>
    <group value="SearchEverywhere" is_action="true" action_type="-1" position="8">
      <path value="root" />
      <path value="Navigation Bar Toolbar" />
      <option name="myInitialPosition" value="-1" />
    </group>
    <group value="RunAnything" is_action="true" action_type="-1" position="7">
      <path value="root" />
      <path value="Navigation Bar Toolbar" />
      <option name="myInitialPosition" value="-1" />
    </group>
    <group value="BuildMenu" is_group="true" action_type="-1" position="6">
      <path value="root" />
      <path value="Main menu" />
      <option name="myInitialPosition" value="-1" />
    </group>
    <group value="EditorBreadcrumbsSettings" is_group="true" action_type="-1" position="6">
      <path value="root" />
      <path value="Editor Gutter Popup Menu" />
      <option name="myInitialPosition" value="-1" />
    </group>
    <group seperator="true" action_type="-1" position="5">
      <path value="root" />
      <path value="Navigation Bar Toolbar" />
      <option name="myInitialPosition" value="-1" />
    </group>
    <group value="$Copy" is_action="true" action_type="-1" position="4">
      <path value="root" />
      <path value="Editor Popup Menu" />
      <option name="myInitialPosition" value="-1" />
    </group>
    <group value="NavBarToolBarOthers" is_group="true" action_type="-1" position="4">
      <path value="root" />
      <path value="Navigation Bar Toolbar" />
      <option name="myInitialPosition" value="-1" />
    </group>
    <group value="$Cut" is_action="true" action_type="-1" position="3">
      <path value="root" />
      <path value="Editor Popup Menu" />
      <option name="myInitialPosition" value="-1" />
    </group>
    <group value="AddAllToFavorites" is_group="true" action_type="-1" position="3">
      <path value="root" />
      <path value="Editor Tab Popup Menu" />
      <path value="Editor Tab Popup Menu Actions (1)" />
      <option name="myInitialPosition" value="-1" />
    </group>
    <group value="Console.Jdbc.RunContextGroup" is_group="true" action_type="-1" position="3">
      <path value="root" />
      <path value="Editor Tab Popup Menu" />
      <path value="Editor Tab Popup Menu Actions (1)" />
      <path value="Run Configurations" />
      <path value="RunContextGroup" />
      <option name="myInitialPosition" value="-1" />
    </group>
    <group seperator="true" action_type="-1" position="3">
      <path value="root" />
      <path value="Navigation Bar Toolbar" />
      <option name="myInitialPosition" value="-1" />
    </group>
    <group value="AddToFavorites" is_group="true" action_type="-1" position="2">
      <path value="root" />
      <path value="Editor Tab Popup Menu" />
      <path value="Editor Tab Popup Menu Actions (1)" />
      <option name="myInitialPosition" value="-1" />
    </group>
    <group seperator="true" action_type="-1" position="1">
      <path value="root" />
      <path value="Editor Tab Popup Menu" />
      <path value="Editor Tab Popup Menu Actions (1)" />
      <path value="Run Configurations" />
      <path value="RunContextGroup" />
      <option name="myInitialPosition" value="-1" />
    </group>
    <group value="VcsFileGroupPopup" is_group="true" action_type="-1" position="1">
      <path value="root" />
      <path value="Editor Tab Popup Menu" />
      <path value="Editor Tab Popup Menu Actions (1)" />
      <path value="VCS/LVCS Actions" />
      <option name="myInitialPosition" value="-1" />
    </group>
    <group value="EditorGutterVcsPopupMenu" is_group="true" action_type="-1" position="0">
      <path value="root" />
      <path value="Editor Gutter Popup Menu" />
      <option name="myInitialPosition" value="-1" />
    </group>
    <group value="CloseContent" is_action="true" action_type="-1" position="0">
      <path value="root" />
      <path value="Editor Tab Popup Menu" />
      <path value="Editor Close Actions" />
      <option name="myInitialPosition" value="-1" />
    </group>
    <group seperator="true" action_type="-1" position="0">
      <path value="root" />
      <path value="Editor Tab Popup Menu" />
      <path value="Editor Tab Popup Menu Actions (1)" />
      <option name="myInitialPosition" value="-1" />
    </group>
    <group value="RunContextGroupInner" is_group="true" action_type="-1" position="0">
      <path value="root" />
      <path value="Editor Tab Popup Menu" />
      <path value="Editor Tab Popup Menu Actions (1)" />
      <path value="Run Configurations" />
      <path value="RunContextGroup" />
      <option name="myInitialPosition" value="-1" />
    </group>
    <group value="ToolbarRunGroup" is_group="true" action_type="-1" position="0">
      <path value="root" />
      <path value="Navigation Bar Toolbar" />
      <option name="myInitialPosition" value="-1" />
    </group>
    <group value="VcsToolbarLabelAction" is_action="true" action_type="-1" position="0">
      <path value="root" />
      <path value="Navigation Bar Toolbar" />
      <path value="NavBarVcsGroup" />
      <path value="VcsNavBarToobarActions" />
      <option name="myInitialPosition" value="-1" />
    </group>
    <group value="Annotate" is_action="true" action_type="1" position="0">
      <path value="root" />
      <path value="Editor Gutter Popup Menu" />
      <option name="myInitialPosition" value="-1" />
    </group>
    <group value="Vcs.ShowHistoryForBlock" is_action="true" action_type="1" position="1">
      <path value="root" />
      <path value="Editor Gutter Popup Menu" />
      <option name="myInitialPosition" value="-1" />
    </group>
    <group value="Tool_外置工具_my projects" is_action="true" action_type="1" position="1">
      <path value="root" />
      <path value="Navigation Bar Toolbar" />
      <option name="myInitialPosition" value="-1" />
    </group>
    <group value="Vcs.Log.ShowDetailsAction" is_action="true" action_type="1" position="2">
      <path value="root" />
      <path value="Editor Gutter Popup Menu" />
      <option name="myInitialPosition" value="-1" />
    </group>
    <group value="Tool_外置工具_xshell" is_action="true" action_type="1" position="2">
      <path value="root" />
      <path value="Navigation Bar Toolbar" />
      <option name="myInitialPosition" value="-1" />
    </group>
    <group seperator="true" action_type="1" position="2">
      <path value="root" />
      <path value="Navigation Bar Toolbar" />
      <path value="NavBarVcsGroup" />
      <path value="VcsNavBarToobarActions" />
      <option name="myInitialPosition" value="-1" />
    </group>
    <group value="$ShowInstantTranslationDialogAction" is_action="true" action_type="1" position="2">
      <path value="root" />
      <path value="Navigation Bar Toolbar" />
      <path value="Translation Navigation Bar Actions" />
      <option name="myInitialPosition" value="-1" />
    </group>
    <group value="Vcs.ShowTabbedFileHistory" is_action="true" action_type="1" position="3">
      <path value="root" />
      <path value="Editor Gutter Popup Menu" />
      <option name="myInitialPosition" value="-1" />
    </group>
    <group value="Vcs.ShowHistoryForBlock" is_action="true" action_type="1" position="5">
      <path value="root" />
      <path value="Editor Gutter Popup Menu" />
      <option name="myInitialPosition" value="-1" />
    </group>
    <group seperator="true" action_type="1" position="5">
      <path value="root" />
      <path value="Navigation Bar Toolbar" />
      <path value="NavBarVcsGroup" />
      <path value="VcsNavBarToobarActions" />
      <option name="myInitialPosition" value="-1" />
    </group>
    <group value="Annotate" is_action="true" action_type="1" position="6">
      <path value="root" />
      <path value="Navigation Bar Toolbar" />
      <path value="NavBarVcsGroup" />
      <path value="VcsNavBarToobarActions" />
      <option name="myInitialPosition" value="-1" />
    </group>
    <group value="Git.Unstash" is_action="true" action_type="1" position="7">
      <path value="root" />
      <path value="Navigation Bar Toolbar" />
      <path value="NavBarVcsGroup" />
      <path value="VcsNavBarToobarActions" />
      <option name="myInitialPosition" value="-1" />
    </group>
    <group value="Git.Stash" is_action="true" action_type="1" position="8">
      <path value="root" />
      <path value="Navigation Bar Toolbar" />
      <path value="NavBarVcsGroup" />
      <path value="VcsNavBarToobarActions" />
      <option name="myInitialPosition" value="-1" />
    </group>
    <action id="Tool_外置工具_my projects" icon="$USER_HOME$/Pictures/jitlab.png" />
    <action id="Git.Stash" icon="$USER_HOME$/Pictures/safebox.png" />
    <action id="Git.Unstash" icon="$USER_HOME$/Pictures/icons8-low-importance-40.png" />
    <action id="Tool_外置工具_xshell" icon="$USER_HOME$/Pictures/122058wefatnayy28gwyey.png.icon.png" />
    <action id="Annotate" icon="$USER_HOME$/Pictures/chat.png" />
  </component>
</application>