<application>
  <component name="NotificationConfiguration">
    <notification groupId="Branch Context group" displayType="NONE" />
    <notification groupId="Composer" shouldLog="false" />
    <notification groupId="Docker: Dockerfile detection" displayType="NONE" shouldLog="false" />
    <notification groupId="External Executable Critical Failures" displayType="STICKY_BALLOON" shouldLog="false" />
    <notification groupId="File Watchers" shouldLog="false" />
    <notification groupId="平台和插件更新" displayType="NONE" shouldLog="false" />
  </component>
</application>