<application>
  <component name="MessDetector">
    <phpmd_settings_migrated />
  </component>
  <component name="PhpAutoImport" auto_import_file_scope="true" global_class_behavior="PREFER_IMPORT" global_constant_behavior="PREFER_IMPORT" import_on_paste="ALL" />
  <component name="PhpCodeSniffer">
    <phpcs_settings_migrated />
  </component>
  <component name="PhpInterpreters">
    <interpreters>
      <interpreter id="dc1d0dc7-f60c-4b99-8aff-742f4d37999b" name="本地编译器" home="D:\laragon\bin\php\php-7.4.8-Win32-vc15-x64\php.exe" debugger_id="php.debugger.XDebug" />
      <interpreter id="513e9af3-1a08-4593-b1d8-4757b3c4f2d9" name="Remote PHP" home="ssh://DATA" debugger_id="php.debugger.XDebug">
        <remote_data HOST="192.168.1.102" PORT="22" USERNAME="root" PRIVATE_KEY_FILE="" USE_KEY_PAIR="false" USE_AUTH_AGENT="false" INTERPRETER_PATH="/usr/bin/php" HELPERS_PATH="" INITIALIZED="false" VALID="true" RUN_AS_ROOT_VIA_SUDO="false" />
      </interpreter>
    </interpreters>
  </component>
  <component name="PhpInterpretersPhpInfoCache">
    <phpInfoCache>
      <interpreter name="Remote PHP">
        <phpinfo binary_type="PHP" php_cgi="/usr/local/php/bin/php-cgi" php_cli="/usr/local/php/bin/php" path_separator=":" remote_host="192.168.1.100" version="7.1.7">
          <additional_php_ini>/usr/local/php/conf.d/002-zendguardloader.ini, /usr/local/php/conf.d/007-redis.ini</additional_php_ini>
          <configuration_file>/usr/local/php/etc/php.ini</configuration_file>
          <configuration_options>
            <configuration_option name="include_path" value=".:/usr/local/php/lib/php" />
          </configuration_options>
          <debuggers />
          <loaded_extensions>
            <extension name="Core" />
            <extension name="PDO" />
            <extension name="Phar" />
            <extension name="Reflection" />
            <extension name="SPL" />
            <extension name="SimpleXML" />
            <extension name="bcmath" />
            <extension name="ctype" />
            <extension name="curl" />
            <extension name="date" />
            <extension name="dom" />
            <extension name="filter" />
            <extension name="ftp" />
            <extension name="gd" />
            <extension name="gettext" />
            <extension name="hash" />
            <extension name="iconv" />
            <extension name="intl" />
            <extension name="json" />
            <extension name="libxml" />
            <extension name="mbstring" />
            <extension name="mcrypt" />
            <extension name="mysqli" />
            <extension name="mysqlnd" />
            <extension name="openssl" />
            <extension name="pcntl" />
            <extension name="pcre" />
            <extension name="pdo_mysql" />
            <extension name="pdo_sqlite" />
            <extension name="posix" />
            <extension name="redis" />
            <extension name="session" />
            <extension name="shmop" />
            <extension name="soap" />
            <extension name="sockets" />
            <extension name="sqlite3" />
            <extension name="standard" />
            <extension name="sysvsem" />
            <extension name="tokenizer" />
            <extension name="xml" />
            <extension name="xmlreader" />
            <extension name="xmlrpc" />
            <extension name="xmlwriter" />
            <extension name="xsl" />
            <extension name="zip" />
            <extension name="zlib" />
          </loaded_extensions>
        </phpinfo>
      </interpreter>
      <interpreter name="本地编译器">
        <phpinfo binary_type="PHP" php_cgi="D:\laragon\bin\php\php-7.4.8-Win32-vc15-x64\php-cgi.exe" php_cli="D:\laragon\bin\php\php-7.4.8-Win32-vc15-x64\php.exe" path_separator=";" version="7.4.8">
          <additional_php_ini />
          <configuration_file>D:\laragon\bin\php\php-7.4.8-Win32-vc15-x64\php.ini</configuration_file>
          <configuration_options>
            <configuration_option name="include_path" value=".;D:/laragon/etc/php/pear" />
          </configuration_options>
          <debuggers />
          <loaded_extensions>
            <extension name="Core" />
            <extension name="PDO" />
            <extension name="Phar" />
            <extension name="Reflection" />
            <extension name="SPL" />
            <extension name="SimpleXML" />
            <extension name="bcmath" />
            <extension name="calendar" />
            <extension name="ctype" />
            <extension name="curl" />
            <extension name="date" />
            <extension name="dom" />
            <extension name="fileinfo" />
            <extension name="filter" />
            <extension name="gd" />
            <extension name="hash" />
            <extension name="iconv" />
            <extension name="intl" />
            <extension name="json" />
            <extension name="libxml" />
            <extension name="mbstring" />
            <extension name="mysqli" />
            <extension name="mysqlnd" />
            <extension name="openssl" />
            <extension name="pcre" />
            <extension name="pdo_mysql" />
            <extension name="phalcon" />
            <extension name="psr" />
            <extension name="readline" />
            <extension name="redis" />
            <extension name="session" />
            <extension name="standard" />
            <extension name="tokenizer" />
            <extension name="xml" />
            <extension name="xmlreader" />
            <extension name="xmlwriter" />
            <extension name="xsl" />
            <extension name="zip" />
            <extension name="zlib" />
          </loaded_extensions>
        </phpinfo>
      </interpreter>
    </phpInfoCache>
  </component>
  <component name="PhpSmartKeysConfiguration">
    <option name="selectVariableNameWithoutDollar" value="true" />
    <option name="smartFunctionParametersCompletion" value="true" />
  </component>
</application>