<application>
  <component name="UpdatesConfigurable">
    <option name="CHECK_NEEDED" value="false" />
    <ignoredBuildNumbers>
      <item value="192.7142.41" />
      <item value="192.7142.51" />
      <item value="193.5662.63" />
      <item value="193.5233.101" />
    </ignoredBuildNumbers>
    <option name="LAST_BUILD_CHECKED" value="PS-192.6817.20" />
    <option name="LAST_TIME_CHECKED" value="1579052164454" />
    <option name="THIRD_PARTY_PLUGINS_ALLOWED" value="true" />
  </component>
</application>