<application>
  <component name="AppStorage">
    <histories>
      <item value="轮播" />
      <item value="创意设计" />
      <item value="百分比" />
      <item value="操作员" />
      <item value="fresh" />
      <item value="转述" />
      <item value="处理" />
      <item value="操作杨" />
      <item value="统计" />
      <item value="溢出" />
      <item value="lack" />
      <item value="缺" />
      <item value="correct" />
      <item value="修正" />
      <item value="支付方式" />
      <item value="收款方式" />
      <item value="收款单" />
      <item value="合同" />
      <item value="无限制" />
      <item value="剩余次数" />
      <item value="supplier shuyuan" />
      <item value="供应商" />
      <item value="厂商" />
      <item value="first" />
      <item value="白色的" />
      <item value="无害化" />
      <item value="组装" />
      <item value="secret code" />
      <item value="密码" />
      <item value="encrypt" />
      <item value="加密" />
      <item value="起作用" />
      <item value="解密" />
      <item value="无效" />
      <item value="wuxiao" />
      <item value="换取" />
      <item value="标志" />
      <item value="最新的" />
      <item value="最近的" />
      <item value="Start reading the binlog at first event having a datetime                       equal or posterior to the argument;" />
      <item value="Start reading the binlog at first event having a datetime&#10;                      equal or posterior to the argument;" />
      <item value="Disable binary log. This is useful, if you enabled&#10;                      --to-last-log and are sending the output to the same&#10;                      MySQL server. This way you could avoid an endless loop.&#10;                      You would also like to use it when restoring after a&#10;                      crash to avoid duplication of the statements you already&#10;                      have. NOTE: you will need a SUPER privilege to use this&#10;                      option." />
      <item value="Determine when the output statements should be&#10;                      base64-encoded BINLOG statements: 'never' disables it and&#10;                      works only for binlogs without row-based events;&#10;                      'decode-rows' decodes row events into commented&#10;                      pseudo-SQL statements if the --verbose option is also&#10;                      given; 'auto' prints base64 only when necessary (i.e.,&#10;                      for row-based events and format description events).  If&#10;                      no --base64-output[=name] option is given at all, the&#10;                      default is 'auto'." />
      <item value="Dumps a MySQL binary log in a format usable for viewing or for piping to&#10;the mysql command line client." />
      <item value="缩略图" />
      <item value="卡片" />
      <item value="五月" />
      <item value="在名单中" />
      <item value="goal" />
      <item value="目标" />
    </histories>
    <option name="languageScores">
      <map>
        <entry key="CHINESE" value="367" />
        <entry key="ENGLISH" value="368" />
        <entry key="BULGARIAN" value="1" />
        <entry key="DANISH" value="1" />
        <entry key="RUSSIAN" value="1" />
        <entry key="ROMANIAN" value="2" />
        <entry key="MALTESE" value="1" />
        <entry key="NORWEGIAN" value="1" />
        <entry key="PORTUGUESE" value="1" />
        <entry key="SCOTS_GAELIC" value="1" />
        <entry key="ITALIAN" value="1" />
        <entry key="INDONESIAN" value="1" />
      </map>
    </option>
  </component>
  <component name="Settings">
    <option name="ignoreRegExp" value="" />
    <option name="keepFormat" value="true" />
    <option name="showExplanation" value="true" />
    <option name="translateDocumentation" value="false" />
  </component>
</application>