<application>
  <component name="UISettings">
    <option name="ACTIVATE_MRU_EDITOR_ON_CLOSE" value="true" />
    <option name="compactTreeIndents" value="true" />
    <option name="EDITOR_TAB_LIMIT" value="15" />
    <option name="EDITOR_TAB_PLACEMENT" value="4" />
    <option name="LEFT_HORIZONTAL_SPLIT" value="true" />
    <option name="OPEN_TABS_AT_THE_END" value="true" />
    <option name="OVERRIDE_NONIDEA_LAF_FONTS" value="true" />
    <option name="showTreeIndentGuides" value="true" />
  </component>
</application>