<application>
  <component name="AppStorage">
    <histories>
      <item value="座右铭" />
      <item value="score" />
      <item value="分数" />
      <item value="班级" />
      <item value="访问" />
      <item value="Raw use of parameterized class 'Class'" />
      <item value="redundant" />
      <item value="Unreachable" />
      <item value="introduce" />
      <item value="denoted" />
      <item value="Atomically creates a new, empty file named by this abstract pathname if and only if a file with this name does not yet exist. The check for the existence of the file and the creation of the file if it does not exist are a single operation that is atomic with respect to all other filesystem activities that might affect the file. Note: this method should not be used for file-locking, as the resulting protocol cannot be made to work reliably. The FileLock facility should be used instead." />
      <item value="current Time Millis" />
      <item value="capture of" />
      <item value="capture" />
      <item value="within its bound" />
      <item value="Type argument cannot be of primitive type" />
      <item value="Introduction" />
      <item value="重量" />
      <item value="味道" />
      <item value="颜色" />
      <item value="水果" />
      <item value="查询指定键是否存在" />
      <item value="梨" />
      <item value="香蕉" />
      <item value="beacons" />
      <item value="dectector" />
      <item value="dectecter" />
      <item value="dectect" />
      <item value="raw" />
    </histories>
    <option name="languageScores">
      <map>
        <entry key="CHINESE" value="10" />
        <entry key="ENGLISH" value="11" />
      </map>
    </option>
  </component>
</application>