<application>
  <component name="UISettings">
    <option name="compactTreeIndents" value="true" />
    <option name="EDITOR_TAB_LIMIT" value="20" />
    <option name="HIDE_KNOWN_EXTENSION_IN_TABS" value="true" />
    <option name="HIDE_TABS_IF_NEED" value="false" />
    <option name="MARK_MODIFIED_TABS_WITH_ASTERISK" value="true" />
    <option name="MAX_LOOKUP_LIST_HEIGHT" value="13" />
    <option name="MAX_LOOKUP_WIDTH2" value="501" />
    <option name="OVERRIDE_NONIDEA_LAF_FONTS" value="true" />
    <option name="RECENT_FILES_LIMIT" value="100" />
    <option name="REUSE_NOT_MODIFIED_TABS" value="true" />
    <option name="RIGHT_HORIZONTAL_SPLIT" value="true" />
    <option name="SHOW_INPLACE_COMMENTS" value="true" />
    <option name="showTreeIndentGuides" value="true" />
    <option name="smoothScrolling" value="false" />
    <option name="WIDESCREEN_SUPPORT" value="true" />
  </component>
</application>