<application>
  <component name="WebServers">
    <option name="servers">
      <webServer id="d962081c-7f03-4b84-a5e9-ba3dff3c96ad" name="Remote Host (d962081c-7f03-4b84-a5e9-ba3dff3c96ad)" url="http:///">
        <fileTransfer accessType="SFTP" host="39.106.79.246" port="22" sshConfigId="192dc54a-1684-4b05-b29e-1d67e096a19c" sshConfig="root@39.106.79.246:22 key" keyPair="true" />
      </webServer>
      <webServer id="7c9bcd2d-1396-4e8b-8828-801303197b9c" name="WSL (7c9bcd2d-1396-4e8b-8828-801303197b9c)" url="http:///">
        <fileTransfer accessType="SFTP" host="127.0.0.1" port="22" sshConfigId="56efe8a5-e643-4d78-9b18-ffaa4ac6d906" sshConfig="root@127.0.0.1:22 key" keyPair="true" />
      </webServer>
    </option>
  </component>
</application>